[
  {
    "id": 1750701053656,
    "title": "test",
    "details": "tset",
    "tags": [
      "tset"
    ],
    "imageUrl": "/assets/images/uploads/1750701053636-Screenshot 2025-06-22 151210.png",
    "createdAt": "2025-06-23T17:50:53.656Z",
    "likes": 0,
    "comments": []
  },
  {
    "id": 1750707224311,
    "title": "test2",
    "details": "2",
    "tags": [
      "tri"
    ],
    "imageUrl": "/assets/images/uploads/1750707224301-Screenshot 2025-06-20 205215.png",
    "createdAt": "2025-06-23T19:33:44.311Z",
    "likes": 0,
    "comments": []
  }
]